;Hours,Dir_1,Dir_2
1,-1.786241097,-1.786241097
2,-1.786241097,-1.786241097
3,-1.786241097,-1.786241097
4,-1.786241097,-1.786241097
5,-1.786241097,-1.786241097
6,-0.84,-0.84
7,0,0
8,0,0
9,0,0
10,0,0
11,-0.448,-0.448
12,-0.448,-0.448
13,-0.448,-0.448
14,-0.448,-0.448
15,-0.448,-0.448
16,0,0
17,0,0
18,0,0
19,0,0
20,-0.84,-0.84
21,-0.84,-0.84
22,-1.786241097,-1.786241097
23,-1.786241097,-1.786241097
24,-1.786241097,-1.786241097
